Chris Paul,1
Deron Michael Williams,1
Danny Granger Jr.,1
David Lee,1
Andrew Bynum,1
Brandon Roy,1
LaMarcus Aldridge,1
Paul Millsap,1
Rajon Rondo,1
Kyle Lowry,1
Kevin Durant,1
Al Horford,1
Joakim Noah,1
Marc Gasol,1
Derrick Rose,1
Russell Westbrook,1
Brook Lopez,1
Kevin Love,1
Roy Hibbert,1
DeAndre Jordan,1
Stephen Curry,1
James Harden,1
DeMar DeRozan,1
Jrue Holiday,1
Jeff Teague,1
Blake Griffin,1
John Wall,1
DeMarcus Cousins,1
Paul George,1
Gordon Hayward,1
Kyrie Irving,1
Klay Thompson,1
Isaiah Thomas,1
Kawhi Leonard,1
Jimmy Butler,1
Damian Lillard,1
Anthony Davis,1
Andre Drummond,1
Draymond Green,1
Charlie Villanueva,0
Channing Frye,0
Raymond Felton,0
Salim Stoudamire,0
Andrew Bogut,0
Nate Robinson,0
Bracey Wright,0
Luther Head,0
Marvin Williams,0
Sean May,0
Rashad McCants,0
Ryan Gomes,0
Ike Diogu,0
Monta Ellis,0
Amir Johnson,0
Joey Graham,0
Jarrett Jack,0
Martell Webster,0
Francisco Garc铆a,0
Gerald Green,0
Johan Petro,0
Hakim Warrick,0
Travis Diener,0
Daniel Ewing,0
Linas Kleiza,0
C.J. Miles,0
Wayne Simien ,0
Orien Greene,0
Dion Thompson,0
Chris Taft,0
Brandon Bass,0
Jason Maxiell,0
Andray Blatche,0
Robert Whaley,0
Ronny Turiaf,0
Louis Williams,0
Alex Acker,0
Antoine Wright,0
Lawrence Roberts,0
Von Wafer,0
Yaroslav Korolev,0
Julius Hodge,0
Martynas Andriu拧kevi?ius,0
Adam Morrison,0
Andrea Bargnani,0
Rudy Gay,0
Randy Foye,0
James White,0
Craig Smith,0
Marcus Williams,0
Rodney Carney,0
J. J. Redick,0
Shelden Williams,0
Tyrus Thomas,0
Renaldo Balkman,0
Ronnie Brewer,0
Daniel Gibson,0
Mardy Collins,0
Jordan Farmar,0
Alexander Johnson,0
Leon Powe,0
Josh Boone,0
Shawne Williams,0
Sergio Rodr铆guez,0
Thabo Sefolosha,0
Solomon Jones,0
Shannon Brown,0
Hilton Armstrong,0
Cedric Simmons,0
Hassan Adams,0
Quincy Douby,0
David Noel,0
Bobby Jones,0
Ryan Hollins,0
Maurice Ager,0
Patrick O'Bryant,0
Dee Brown,0
Mouhamed Sene,0
Will Blalock,0
P. J. Tucker,0
Damir Markota,0
Marcus Vinicius,0
Paul Davies,0
Steve Novak,0
James Augustine,0
Al Thornton,0
Jeff Green,0
Mike Conley Jr.,0
Daequan Cook,0
Yi Jianlian,0
Thaddeus Young,0
Carl Landry,0
Ramon Sessions,0
Rodney Stuckey,0
Nick Young,0
Wilson Chandler,0
Corey Brewer,0
Jared Dudley,0
Shawne Williams,0
Javaris Crittenton,0
St茅phane Lasme,0
Aaron Brooks,0
Spencer Hawes,0
Glen Davis,0
Jason Smith,0
Aaron Gray,0
Acie Law,0
Nick Fazekas,0
Brandan Wright,0
Julian Wright,0
Arron Afflalo,0
Alando Tucker,0
Jermareo Davidson,0
Marco Belinelli,0
D.J. Strawberry,0
Gabe Pruitt,0
Chris Richard,0
Taurean Green,0
Kyrylo Fesenko,0
Josh McRoberts,0
Morris Almond,0
Dominic McGuire,0
Demetris Nichols,0
Marcus Williams,0
Sun ,0
O. J. Mayo,0
Eric Gordon,0
Michael Beasley,0
D. J. Augustin,0
Jason Thompson,0
Mario Chalmers,0
D.J. White,0
Courtney Lee,0
Brandon Rush,0
Anthony Randolph,0
Marreese Speights,0
Ryan Anderson,0
Luc Mbah a Moute,0
JaVale McGee,0
Danilo Gallinari,0
George Hill,0
Mike Taylor,0
Darrell Arthur,0
Nicolas Batum,0
Kyle Weaver,0
Chris Douglas-Roberts,0
Joe Alexander,0
Kosta Koufos,0
Joey Crawford,0
Goran Dragi?,0
Jerryd Bayless,0
JJ Hickson,0
Dont茅 Greene,0
Malik Hairston,0
Robin Lopez,0
Sean Singletary,0
Alexis Ajin莽a,0
Darnell Jackson,0
Sonny Weems,0
Walter Sharpe,0
J. R. Giddens,0
Joey Dorsey,0
Nathan Jawai,0
Tyreke Evans,0
Brandon Jennings,0
Marcus Thornton,0
Jonny Flynn,0
Darren Collison,0
Omri Casspi,0
Jonas Jerebko,0
Taj Gibson,0
Chase Budinger,0
Toney Douglas,0
Tyler Hansbrough,0
Terrence Williams,0
Ty Lawson,0
DeJuan Blair,0
Sam Young,0
A.J.Price,0
Rodrigue Beaubois,0
Wayne Ellington,0
Jordan Hill,0
Austin Daye,0
Eric Maynor,0
Jodie Meeks,0
Jermaine Taylor,0
James Johnson,0
Dante Cunningham,0
Derrick Brown,0
Hasheem Thabeet,0
DaJuan Summers,0
DeMarre Carroll,0
Jon Brockman,0
Earl Clark,0
Jeff Ayres,0
Gerald Henderson Jr.,0
Patty Mills,0
Lester Hudson,0
Danny Green,0
Taylor Griffin,0
Byron Mullens,0
Jordan Crawford,0
Landry Fields,0
Greg Monroe,0
Wesley Johnson,0
Ed Davis,0
Evan Turner,0
Derrick Favors,0
Eric Bledsoe,0
Patrick Patterson,0
Al-Farouq Aminu,0
Trevor Booker,0
Damion James,0
Xavier Henry,0
Larry Sanders,0
Ekpe Udoh,0
Luke Harangody,0
Lazar Hayward,0
Jeremy Evans,0
James Anderson,0
Greivis V谩squez,0
Devin Ebanks,0
Lance Stephenson,0
Armon Johnson,0
Quincy Pondexter,0
Craig Brackins,0
Kevin S茅raphin,0
Pape Sy,0
Dominique Jones,0
Derrick Caracter,0
Willie Warren,0
Avery Bradley,0
Andy Rautins,0
Luke Babbitt,0
Dexter Pittman,0
Cole Aldrich,0
Hamady N'Diaye,0
Solomon Alabi,0
Brandon Knight,0
MarShon Brooks,0
Kemba Walker,0
Kenneth Faried,0
Iman Shumpert,0
Chandler Parsons,0
Derrick Williams,0
Tristan Thompson,0
Jimmer Fredette,0
Markieff Morris,0
Alec Burks,0
Norris Cole,0
Charles Jenkins,0
Nikola Vu?evi?,0
Bismack Biyombo,0
Tobias Harris,0
Jeremy Tyler,0
Jon Leuer,0
Jan Vesel媒,0
Chris Singleton,0
Enes Kanter,0
Jordan Williams,0
Jordan Hamilton,0
Josh Harrellson,0
Andrew Goudelock,0
Lavoy Allen,0
Nolan Smith,0
Shelvin Mack,0
Malcolm Lee,0
JaJuan Johnson,0
Reggie Jackson,0
E'Twaun Moore,0
Darius Morris,0
Trey Thompkins,0
Marcus Morris,0
Josh Selby,0
Vernon Macklin,0
Cory Joseph,0
Justin Harper,0
Travis Leslie,0
Tyler Honeycutt,0
Dion Waiters,0
Bradley Beal,0
Harrison Barnes,0
Michael Kidd-Gilchrist,0
Kyle Singler,0
Maurice Harkless,0
Tyler Zeller,0
Andrew Nicholson,0
Terrence Ross,0
Austin Rivers,0
John Jenkins,0
Jeffery Taylor,0
Khris Middleton,0
John Henson,0
Jared Sullinger,0
Terrence Jones,0
Meyers Leonard,0
Evan Fournier,0
Jae Crowder,0
Thomas Robinson,0
Mike Scott,0
Kyle O'Quinn,0
Will Barton,0
Quincy Acy,0
Orlando Johnson,0
Arnett Moultrie,0
Doron Lamb,0
Jeremy Lamb,0
Kendall Marshall,0
Alex English,0
Bernard James,0
Tony Wroten,0
Festus Ezeli,0
Perry Jones,0
Darius Miller,0
Tyshawn Taylor,0
Marquis Teague,0
Jared Cunningham,0
Tornike Shengelia,0
Robert Sacre,0
Quincy Miller,0
Fab Melo,0
Miles Plumlee,0
Kris Joseph,0
Kevin Murphy,0
Jarvis Varnado,0
